start_station_name,start_lat,start_lng,count
2112 W Peterson Ave,41.9912,-87.6836,499
63rd St Beach,41.781,-87.5761,1193
900 W Harrison St,41.8748,-87.6498,6997
Aberdeen St & Jackson Blvd,41.8777,-87.6548,12031
Aberdeen St & Monroe St,41.8804,-87.6555,9677
Aberdeen St & Randolph St,41.8841,-87.6543,10557
Ada St & Washington Blvd,41.8828,-87.6612,7688
Adler Planetarium,41.8661,-87.6073,16968
Albany Ave & 26th St,41.8445,-87.702,223
Albany Ave & Bloomingdale Ave,41.914,-87.7051,3898
Albany Ave & Montrose Ave,41.961,-87.7059,1024
Archer (Damen) Ave & 37th St,41.8267,-87.6831,460
Artesian Ave & Hubbard St,41.8895,-87.6882,6523
Ashland Ave & 13th St,41.8652,-87.6665,2089
Ashland Ave & 50th St,41.803,-87.6647,89
Ashland Ave & 63rd St,41.7794,-87.6648,67
Ashland Ave & Archer Ave,41.8392,-87.6656,627
Ashland Ave & Augusta Blvd,41.8996,-87.6677,5299
Ashland Ave & Belle Plaine Ave,41.9561,-87.6688,2802
Ashland Ave & Blackhawk St,41.9071,-87.6673,6630
Ashland Ave & Chicago Ave,41.896,-87.6677,5630
Ashland Ave & Division St,41.9035,-87.6677,19346
Ashland Ave & Garfield Blvd,41.7928,-87.6644,153
Ashland Ave & Grace St,41.9507,-87.6687,4739
Ashland Ave & Grand Ave,41.8911,-87.6666,4577
Ashland Ave & Lake St,41.8859,-87.6672,4350
Ashland Ave & McDowell Ave,41.8089,-87.6645,563
Ashland Ave & Pershing Rd,41.8235,-87.6656,368
Ashland Ave & Wellington Ave,41.9361,-87.6698,3677
Ashland Ave & Wrightwood Ave,41.9288,-87.6685,5269
Austin Blvd & Chicago Ave,41.8949,-87.7747,128
Austin Blvd & Lake St,41.8879,-87.7744,428
Austin Blvd & Madison St,41.8803,-87.7745,187
Avers Ave & Belmont Ave,41.9394,-87.7236,1206
Avondale Ave & Irving Park Rd,41.9534,-87.732,1832
Bennett Ave & 79th St,41.7518,-87.5785,42
Benson Ave & Church St,42.0482,-87.6835,5311
Bernard St & Elston Ave,41.9499,-87.7139,660
Bissell St & Armitage Ave,41.9184,-87.6522,15362
Blackstone Ave & Hyde Park Blvd,41.8026,-87.5904,3466
Blue Island Ave & 18th St,41.8576,-87.6615,6274
Bosworth Ave & Howard St,42.0195,-87.6696,466
Broadway & Argyle St,41.9738,-87.6597,5405
Broadway & Barry Ave,41.9377,-87.6441,18170
Broadway & Belmont Ave,41.9401,-87.6455,10910
Broadway & Berwyn Ave,41.9784,-87.6598,5441
Broadway & Cornelia Ave,41.9455,-87.6464,12475
Broadway & Granville Ave,41.9948,-87.6603,4459
Broadway & Ridge Ave,41.984,-87.6603,4435
Broadway & Sheridan Rd,41.9528,-87.65,8505
Broadway & Thorndale Ave,41.9897,-87.6601,4377
Broadway & Waveland Ave,41.9491,-87.6486,11090
Broadway & Wilson Ave,41.9652,-87.6581,7579
Buckingham Fountain,41.8765,-87.6205,6683
Budlong Woods Library,41.9837,-87.6964,516
Burling St (Halsted) & Diversey Pkwy (Temp),41.9331,-87.6478,9848
Burnham Harbor,41.8563,-87.6133,11105
California Ave & 21st St,41.8538,-87.6957,870
California Ave & 23rd Pl,41.8491,-87.6951,894
California Ave & 26th St,41.844,-87.6953,167
California Ave & Altgeld St,41.9267,-87.6977,2545
California Ave & Byron St,41.9522,-87.6981,1174
California Ave & Cortez St,41.9004,-87.6967,4236
California Ave & Division St,41.903,-87.6975,2184
California Ave & Fletcher St,41.9384,-87.698,1767
California Ave & Francis Pl (Temp),41.9185,-87.6974,851
California Ave & Lake St,41.8845,-87.6963,765
California Ave & Milwaukee Ave,41.9227,-87.6972,9073
California Ave & Montrose Ave,41.9611,-87.6954,1866
California Ave & North Ave,41.9104,-87.6972,3271
Calumet Ave & 18th St,41.8576,-87.6194,7942
Calumet Ave & 21st St,41.8542,-87.6192,3978
Calumet Ave & 33rd St,41.8349,-87.6179,3110
Calumet Ave & 35th St,41.8314,-87.618,999
Calumet Ave & 51st St,41.8023,-87.6181,678
Calumet Ave & 71st St,41.7655,-87.6169,33
Campbell Ave & Fullerton Ave,41.9246,-87.6893,2569
Campbell Ave & Montrose Ave,41.9615,-87.6912,2442
Campbell Ave & North Ave,41.9105,-87.6896,4497
Canal St & Adams St,41.8793,-87.6399,55813
Canal St & Harrison St,41.8743,-87.6396,3399
Canal St & Jackson Blvd,41.8772,-87.6394,10614
Canal St & Madison St,41.8821,-87.6398,28878
Canal St & Monroe St,41.8817,-87.6395,12398
Canal St & Taylor St,41.8703,-87.6395,7727
Cannon Dr & Fullerton Ave,41.9268,-87.6344,6246
Carpenter St & 63rd St,41.7799,-87.6509,14
Carpenter St & Huron St,41.8946,-87.6534,7347
Central Ave & Chicago Ave,41.895,-87.7649,210
Central Ave & Harrison St,41.873,-87.7645,77
Central Ave & Lake St,41.8877,-87.7655,105
Central Ave & Madison St,41.8801,-87.7632,138
Central Park Ave & 24th St,41.8481,-87.7151,65
Central Park Ave & Bloomingdale Ave,41.9142,-87.7168,2067
Central Park Ave & Elbridge Ave,41.9353,-87.7169,1526
Central Park Ave & North Ave,41.9097,-87.7166,1103
Central Park Ave & Ogden Ave,41.8542,-87.7154,243
Central Park Blvd & 5th Ave,41.8757,-87.7155,88
Central St & Girard Ave,42.0643,-87.6862,1127
Central St Metra,42.0636,-87.6987,1484
Cherry Ave & Blackhawk St,41.9072,-87.6556,728
Chicago Ave & Dempster St,42.0417,-87.6807,1868
Chicago Ave & Sheridan Rd,42.0505,-87.6778,1987
Chicago Ave & Washington St,42.0326,-87.6791,2752
Christiana Ave & Lawrence Ave,41.9684,-87.7118,1168
Cicero Ave & Flournoy St,41.8721,-87.7466,30
Cicero Ave & Lake St,41.8868,-87.7453,90
Cicero Ave & Quincy St,41.8776,-87.7454,55
Cityfront Plaza Dr & Pioneer Ct,41.8906,-87.6221,14897
Claremont Ave & Hirsch St,41.9078,-87.6859,3335
Clarendon Ave & Gordon Ter,41.9579,-87.6495,7844
Clarendon Ave & Junior Ter,41.961,-87.6496,5344
Clarendon Ave & Leland Ave,41.968,-87.65,3480
Clark St & 9th St (AMLI),41.8708,-87.6312,4535
Clark St & Armitage Ave,41.9183,-87.6363,21897
Clark St & Berwyn Ave,41.978,-87.668,7007
Clark St & Bryn Mawr Ave,41.9836,-87.6692,4167
Clark St & Chicago Ave,41.8968,-87.6309,10474
Clark St & Columbia Ave,42.0045,-87.6724,1463
Clark St & Drummond Pl,41.9312,-87.6443,13210
Clark St & Elm St,41.903,-87.6313,26454
Clark St & Elmdale Ave,41.9905,-87.6698,2398
Clark St & Grace St,41.9508,-87.6592,8040
Clark St & Ida B Wells Dr,41.8759,-87.6306,12017
Clark St & Jarvis Ave,42.016,-87.675,723
Clark St & Lake St,41.886,-87.6309,15839
Clark St & Leland Ave,41.9671,-87.6674,5553
Clark St & Lincoln Ave,41.9157,-87.6346,19938
Clark St & Lunt Ave,42.0091,-87.6742,2866
Clark St & Montrose Ave,41.9616,-87.666,4478
Clark St & Newport St,41.9445,-87.6547,9230
Clark St & North Ave,41.912,-87.6319,9526
Clark St & Randolph St,41.8846,-87.6319,16006
Clark St & Schiller St,41.908,-87.6315,14015
Clark St & Schreiber Ave,41.9993,-87.6714,1449
Clark St & Touhy Ave,42.0126,-87.6744,437
Clark St & Wellington Ave,41.9365,-87.6475,11441
Clark St & Winnemac Ave,41.9733,-87.6678,8083
Clark St & Wrightwood Ave,41.9295,-87.6431,15656
Clifton Ave & Armitage Ave,41.9182,-87.6569,8066
Clinton St & 18th St,41.858,-87.6408,2612
Clinton St & Jackson Blvd,41.8781,-87.6398,14213
Clinton St & Lake St,41.8856,-87.6418,23848
Clinton St & Madison St,41.8822,-87.6411,50091
Clinton St & Polk St,41.8715,-87.6409,1360
Clinton St & Roosevelt Rd,41.8671,-87.6411,5890
Clinton St & Tilden St,41.8759,-87.6408,6963
Clinton St & Washington Blvd,41.8834,-87.6412,46356
Clybourn Ave & Division St,41.9046,-87.6406,6097
Columbus Dr & Randolph St,41.8847,-87.6195,38913
Commercial Ave & 83rd St,41.7446,-87.5512,53
Conservatory Dr & Lake St,41.8855,-87.7169,719
Cornell Ave & Hyde Park Blvd,41.8024,-87.5869,6270
Cornell Dr & Hayes Dr,41.7806,-87.5848,229
Cottage Grove Ave & 43rd St,41.8165,-87.6066,809
Cottage Grove Ave & 47th St,41.8099,-87.6068,986
Cottage Grove Ave & 51st St,41.803,-87.6066,949
Cottage Grove Ave & 63rd St,41.7806,-87.6061,410
Cottage Grove Ave & 67th St,41.7737,-87.6056,131
Cottage Grove Ave & 71st St,41.7657,-87.605,49
Cottage Grove Ave & 78th St,41.7532,-87.605,78
Cottage Grove Ave & 83rd St,41.7434,-87.6048,109
Cottage Grove Ave & Oakwood Blvd,41.823,-87.6071,795
Daley Center Plaza,41.8842,-87.6296,34135
Damen Ave & 51st St,41.8009,-87.6747,60
Damen Ave & Charleston St,41.9201,-87.6779,4430
Damen Ave & Chicago Ave,41.8958,-87.6772,9348
Damen Ave & Clybourn Ave,41.9319,-87.6779,3424
Damen Ave & Cortland St,41.916,-87.6773,9171
Damen Ave & Coulter St,41.8492,-87.6756,231
Damen Ave & Cullerton St,41.855,-87.6757,1776
Damen Ave & Division St,41.9033,-87.6784,7990
Damen Ave & Foster Ave,41.9756,-87.6795,3771
Damen Ave & Grand Ave,41.8912,-87.6769,4636
Damen Ave & Leland Ave,41.9671,-87.679,5698
Damen Ave & Madison St,41.8814,-87.6749,2123
Damen Ave & Melrose Ave,41.9406,-87.6785,2405
Damen Ave & Pershing Rd,41.8232,-87.6766,156
Damen Ave & Pierce Ave,41.9094,-87.6777,19876
Damen Ave & Sunnyside Ave,41.9633,-87.6793,2448
Damen Ave & Thomas St (Augusta Blvd),41.9013,-87.6774,6407
Damen Ave & Walnut (Lake) St (*),41.886,-87.677,1900
Damen Ave & Wellington Ave,41.9359,-87.6784,3613
Dayton St & North Ave,41.9106,-87.6494,9868
Dearborn Pkwy & Delaware Pl,41.899,-87.6299,17062
Dearborn St & Adams St,41.8794,-87.6298,12021
Dearborn St & Erie St,41.894,-87.6293,24777
Dearborn St & Monroe St,41.8813,-87.6295,20302
Dearborn St & Van Buren St,41.8763,-87.6292,4795
Delano Ct & Roosevelt Rd,41.8675,-87.6322,6597
Desplaines St & Jackson Blvd,41.8783,-87.6439,14362
Desplaines St & Kinzie St,41.8887,-87.6444,22478
Desplaines St & Randolph St,41.8846,-87.6446,11638
Dodge Ave & Church St,42.0483,-87.6982,978
Dodge Ave & Mulford St,42.0235,-87.6996,353
Dorchester Ave & 49th St,41.8058,-87.5925,741
Dorchester Ave & 63rd St,41.7804,-87.5914,477
Drake Ave & Addison St,41.9473,-87.7176,1634
Drake Ave & Fullerton Ave,41.9244,-87.7154,2378
Drake Ave & Montrose Ave,41.9612,-87.7166,1001
DuSable Museum,41.7916,-87.6079,592
Dusable Harbor,41.887,-87.6128,17465
Eastlake Ter & Rogers Ave,42.0209,-87.6651,2182
Eberhart Ave & 61st St,41.7841,-87.6133,167
Eckhart Park,41.8964,-87.661,6337
Eggleston Ave & 69th St (*),41.7689,-87.6359,37
Elizabeth (May) St & Fulton St,41.8866,-87.658,4140
Elizabeth St & 47th St,41.8084,-87.6565,75
Elizabeth St & 59th St,41.7867,-87.6559,10
Ellis Ave & 53rd St,41.7993,-87.601,4344
Ellis Ave & 55th St,41.7943,-87.6015,8903
Ellis Ave & 58th St,41.7887,-87.6013,5747
Ellis Ave & 60th St,41.7851,-87.6011,7785
Ellis Ave & 83rd St,41.7441,-87.599,58
Elmwood Ave & Austin St,42.0258,-87.6841,961
Elston Ave & Wabansia Ave,41.9129,-87.6642,2655
Emerald Ave & 28th St,41.8436,-87.6454,2133
Emerald Ave & 31st St,41.8382,-87.6451,3401
Evans Ave & 75th St,41.7585,-87.6064,56
Evanston Civic Center,42.057,-87.6866,458
Exchange Ave & 79th St,41.7517,-87.5528,41
Fairbanks Ct & Grand Ave,41.8918,-87.6206,20661
Fairbanks St & Superior St,41.8957,-87.6201,4954
Fairfield Ave & Roosevelt Rd,41.8666,-87.6945,384
Federal St & Polk St,41.8721,-87.6295,12241
Field Blvd & South Water St,41.8863,-87.6175,10500
Field Museum,41.8653,-87.6179,10070
Financial Pl & Ida B Wells Dr,41.875,-87.6331,5895
Fort Dearborn Dr & 31st St,41.8386,-87.6082,7558
Francisco Ave & Foster Ave,41.9756,-87.7014,1502
Franklin St & Adams St (Temp),41.8794,-87.6355,7239
Franklin St & Chicago Ave,41.8967,-87.6357,9003
Franklin St & Illinois St,41.891,-87.6355,5295
Franklin St & Jackson Blvd,41.8777,-87.6353,19985
Franklin St & Lake St,41.8858,-87.6355,15535
Franklin St & Monroe St,41.8803,-87.6352,34455
Glenwood Ave & Morse Ave,42.008,-87.6655,2942
Glenwood Ave & Touhy Ave,42.0127,-87.6661,1134
Green St & Madison St,41.8819,-87.6488,16244
Green St & Randolph St,41.8837,-87.6487,14139
Greenview Ave & Diversey Pkwy,41.9326,-87.6659,4292
Greenview Ave & Fullerton Ave,41.9253,-87.6658,7348
Greenview Ave & Jarvis Ave,42.016,-87.6686,1861
Greenwood Ave & 47th St,41.8098,-87.5994,1542
Greenwood Ave & 79th St,41.7513,-87.5976,127
HQ QR,41.8899,-87.6803,5
HUBBARD ST BIKE CHECKING (LBS-WH-TEST),41.89,-87.6807,19
Halsted St & 18th St,41.8575,-87.6463,2315
Halsted St & 21st St,41.8538,-87.6466,1494
Halsted St & 35th St,41.8307,-87.6472,864
Halsted St & 37th St,41.8271,-87.6457,755
Halsted St & 47th Pl,41.8081,-87.6456,249
Halsted St & 51st St,41.8018,-87.6452,31
Halsted St & 56th St,41.7929,-87.645,74
Halsted St & 59th St,41.7875,-87.6449,38
Halsted St & 63rd St,41.7794,-87.6446,178
Halsted St & 69th St,41.7691,-87.6446,79
Halsted St & Archer Ave,41.8472,-87.6468,1985
Halsted St & Clybourn Ave,41.9097,-87.6481,11811
Halsted St & Dickens Ave,41.9199,-87.6488,10928
Halsted St & Maxwell St,41.8649,-87.6471,7035
Halsted St & North Branch St,41.8994,-87.6485,1905
Halsted St & Polk St,41.8718,-87.6466,8356
Halsted St & Roosevelt Rd,41.8673,-87.6486,6638
Halsted St & Roscoe St,41.9437,-87.649,10694
Halsted St & Willow St,41.9139,-87.6488,7608
Halsted St & Wrightwood Ave,41.9291,-87.6491,9735
Harper Ave & 59th St,41.7879,-87.5883,3306
Hermitage Ave & Polk St,41.8715,-87.6699,4874
Honore St & Division St,41.9031,-87.6739,8440
Hoyne Ave & 47th St,41.8082,-87.6772,189
Hoyne Ave & Balmoral Ave,41.9799,-87.6819,1701
Humboldt Blvd & Armitage Ave,41.9175,-87.7018,3833
Indiana Ave & 26th St,41.8457,-87.6225,2421
Indiana Ave & 31st St,41.8388,-87.6219,2985
Indiana Ave & 40th St,41.8217,-87.6216,394
Indiana Ave & Roosevelt Rd,41.8679,-87.623,21763
Jefferson St & Monroe St,41.8804,-87.6427,8778
Jeffery Blvd & 67th St,41.7735,-87.5771,406
Jeffery Blvd & 71st St,41.7666,-87.5764,230
Jeffery Blvd & 76th St,41.7571,-87.5758,125
Karlov Ave & Madison St,41.8809,-87.7279,110
Kedzie Ave & 21st St,41.8535,-87.7051,431
Kedzie Ave & 24th St,41.8482,-87.7054,114
Kedzie Ave & Bryn Mawr Ave,41.9824,-87.7089,580
Kedzie Ave & Chicago Ave,41.8955,-87.7061,690
Kedzie Ave & Foster Ave,41.9757,-87.7093,965
Kedzie Ave & Harrison St,41.8736,-87.7049,156
Kedzie Ave & Lake St,41.8846,-87.7063,813
Kedzie Ave & Leland Ave,41.9667,-87.7081,1256
Kedzie Ave & Milwaukee Ave,41.9296,-87.7079,9089
Kedzie Ave & Palmer Ct,41.9215,-87.7073,3907
Kedzie Ave & Roosevelt Rd,41.8665,-87.7065,208
Kenton Ave & Madison St,41.8807,-87.741,54
Keystone Ave & Fullerton Ave,41.9246,-87.7279,806
Keystone Ave & Montrose Ave,41.9611,-87.729,590
Kilbourn Ave & Irving Park Rd,41.9537,-87.7406,486
Kilbourn Ave & Milwaukee Ave,41.9488,-87.74,666
Kildare Ave & Montrose Ave,41.9611,-87.7357,432
Kimball Ave & Belmont Ave,41.9394,-87.7116,1703
Kimbark Ave & 53rd St,41.7996,-87.5947,8581
Kingsbury St & Erie St,41.8938,-87.6417,19153
Kingsbury St & Kinzie St,41.8892,-87.6385,33299
Knox Ave & Montrose Ave,41.9606,-87.7454,620
Kosciuszko Park,41.9306,-87.7238,2123
Kostner Ave & Adams St,41.8779,-87.7357,90
Kostner Ave & Lake St,41.8859,-87.7354,21
LaSalle Dr & Huron St,41.8949,-87.6323,7992
LaSalle St & Adams St,41.8793,-87.632,6758
LaSalle St & Illinois St,41.8908,-87.6317,18377
LaSalle St & Jackson Blvd,41.8782,-87.6319,25270
LaSalle St & Washington St,41.8827,-87.6325,11344
Laflin St & Cullerton St,41.8549,-87.6636,273
Lake Park Ave & 35th St,41.8313,-87.6088,2634
Lake Park Ave & 47th St,41.8094,-87.5919,2021
Lake Park Ave & 53rd St,41.7995,-87.5865,4285
Lake Park Ave & 56th St,41.7932,-87.5878,5535
Lake Shore Dr & Belmont Ave,41.9408,-87.6392,13881
Lake Shore Dr & Diversey Pkwy,41.9326,-87.6364,12273
Lake Shore Dr & Monroe St,41.881,-87.6167,50518
Lake Shore Dr & North Blvd,41.9117,-87.6268,34982
Lake Shore Dr & Ohio St,41.8926,-87.6145,14906
Lake Shore Dr & Wellington Ave,41.9367,-87.6368,12903
Lakefront Trail & Bryn Mawr Ave,41.984,-87.6523,9928
Lakefront Trail & Wilson Ave,41.9658,-87.6454,6210
Lakeview Ave & Fullerton Pkwy,41.9259,-87.639,14752
Laramie Ave & Gladys Ave,41.8758,-87.7553,45
Laramie Ave & Kinzie St,41.8878,-87.7555,72
Laramie Ave & Madison St,41.8802,-87.7553,146
Larrabee St & Armitage Ave,41.9181,-87.6437,7721
Larrabee St & Division St,41.9035,-87.6434,10038
Larrabee St & Kingsbury St,41.8978,-87.6429,23088
Larrabee St & Menomonee St,41.9147,-87.6433,5153
Larrabee St & North Ave,41.9102,-87.6435,3973
Larrabee St & Oak St,41.9002,-87.643,8681
Larrabee St & Webster Ave,41.9218,-87.6441,13138
Latrobe Ave & Chicago Ave,41.8947,-87.7569,88
Leavitt St & Addison St,41.9467,-87.6834,1683
Leavitt St & Archer Ave,41.8288,-87.6806,444
Leavitt St & Armitage Ave,41.9178,-87.6824,3924
Leavitt St & Belmont Ave (*),41.9394,-87.6833,1727
Leavitt St & Chicago Ave,41.8955,-87.682,3941
Leavitt St & Division St (*),41.903,-87.6838,2735
Leavitt St & Lawrence Ave,41.9689,-87.684,2592
Leavitt St & North Ave,41.9102,-87.6823,5225
Lincoln Ave & Addison St,41.9462,-87.6733,2341
Lincoln Ave & Belle Plaine Ave,41.956,-87.6803,4139
Lincoln Ave & Belmont Ave,41.9394,-87.6684,6704
Lincoln Ave & Diversey Pkwy,41.9322,-87.6586,7646
Lincoln Ave & Fullerton Ave,41.9259,-87.6493,14001
Lincoln Ave & Roscoe St,41.9433,-87.671,8323
Lincoln Ave & Sunnyside Ave,41.963,-87.6848,4656
Lincoln Ave & Waveland Ave,41.9488,-87.6753,4182
Lincoln Ave & Winona St,41.9749,-87.6925,1604
Lincoln Park Conservatory,41.9239,-87.6358,4018
Lincolnwood Dr & Central St,42.0649,-87.7153,760
Logan Blvd & Elston Ave,41.9295,-87.6842,4182
Loomis St & Archer Ave,41.8416,-87.6574,1349
Loomis St & Jackson Blvd,41.8779,-87.662,4182
Loomis St & Lexington St,41.8722,-87.6615,13806
MLK Jr Dr & 29th St,41.8421,-87.617,7639
MLK Jr Dr & 47th St,41.8099,-87.6163,387
MLK Jr Dr & 56th St,41.7934,-87.6159,152
MLK Jr Dr & 63rd St,41.7801,-87.6159,128
MLK Jr Dr & 83rd St,41.7431,-87.6148,171
MLK Jr Dr & Pershing Rd,41.8246,-87.6168,1053
MTL-ECO5.1-01,41.9171,-87.7482,4
Malcolm X College,41.8776,-87.6739,1516
Manor Ave & Leland Ave,41.9659,-87.7008,1136
Maplewood Ave & Peterson Ave,41.9902,-87.6934,291
Marine Dr & Ainslie St,41.9716,-87.6502,5269
Marshfield Ave & 44th St,41.814,-87.6666,90
Marshfield Ave & 59th St,41.7868,-87.6662,44
Marshfield Ave & Cortland St,41.916,-87.6689,15056
May St & 69th St,41.7689,-87.6529,26
May St & Cullerton St,41.8551,-87.6541,1855
May St & Taylor St,41.8695,-87.6555,7427
McClurg Ct & Erie St,41.8945,-87.6179,15785
McClurg Ct & Illinois St,41.8904,-87.6175,20277
McCormick Place,41.8514,-87.6188,5557
Michigan Ave & 14th St,41.8641,-87.6237,8940
Michigan Ave & 18th St,41.8578,-87.6246,9482
Michigan Ave & 71st St,41.7653,-87.6217,13
Michigan Ave & 8th St,41.8728,-87.624,15143
Michigan Ave & Ida B Wells Dr,41.8762,-87.6244,8389
Michigan Ave & Jackson Blvd,41.8779,-87.6241,15673
Michigan Ave & Lake St,41.886,-87.6241,22840
Michigan Ave & Madison St,41.8821,-87.6251,11236
Michigan Ave & Oak St,41.901,-87.6238,35944
Michigan Ave & Pearson St,41.8977,-87.6235,10987
Michigan Ave & Washington St,41.884,-87.6247,37223
Mies van der Rohe Way & Chestnut St,41.8986,-87.6219,14480
Mies van der Rohe Way & Chicago Ave,41.8969,-87.6217,12581
Millard Ave & 26th St,41.8446,-87.7159,167
Millennium Park,41.881,-87.6241,34526
Milwaukee Ave & Cuyler Ave,41.9545,-87.7496,571
Milwaukee Ave & Grand Ave,41.8916,-87.6484,15467
Milwaukee Ave & Rockwell St,41.9202,-87.693,3171
Milwaukee Ave & Wabansia Ave,41.9126,-87.6814,10120
Monticello Ave & Irving Park Rd,41.954,-87.7191,1056
Montrose Harbor,41.964,-87.6382,13884
Morgan Ave & 14th Pl,41.8624,-87.6511,4102
Morgan St & 18th St,41.8581,-87.6511,4294
Morgan St & 31st St,41.8378,-87.6511,1834
Morgan St & Lake St,41.8855,-87.6523,18244
Morgan St & Pershing Rd,41.8236,-87.6509,129
Morgan St & Polk St,41.8717,-87.651,13543
Museum of Science and Industry,41.7917,-87.5839,3692
Noble St & Milwaukee Ave,41.9007,-87.6626,6631
Normal Ave & Archer Ave,41.8495,-87.6406,1171
Oakley Ave & Irving Park Rd,41.9543,-87.6861,1799
Oakley Ave & Touhy Ave,42.0123,-87.6882,448
Ogden Ave & Chicago Ave,41.8964,-87.6541,10144
Ogden Ave & Congress Pkwy,41.875,-87.6733,1582
Ogden Ave & Race Ave,41.8918,-87.6588,8142
Ogden Ave & Roosevelt Rd,41.8665,-87.6847,1539
Orleans St & Chestnut St (NEXT Apts),41.8982,-87.6375,8174
Orleans St & Elm St,41.9029,-87.6377,3300
Orleans St & Hubbard St,41.89,-87.6366,5975
Orleans St & Merchandise Mart Plaza,41.8882,-87.6364,23995
Paulina Ave & North Ave,41.9103,-87.6701,6980
Paulina St & 18th St,41.8579,-87.6687,3457
Paulina St & Flournoy St,41.873,-87.6691,5704
Paulina St & Howard St,42.0192,-87.6736,2532
Paulina St & Montrose Ave,41.9615,-87.6714,2572
Peoria St & Jackson Blvd,41.8776,-87.6496,13654
Perry Ave & 69th St,41.7693,-87.6282,115
Phillips Ave & 79th St,41.7518,-87.5652,66
Phillips Ave & 83rd St,41.7445,-87.5651,79
Pine Grove Ave & Irving Park Rd,41.9544,-87.648,9588
Pine Grove Ave & Waveland Ave,41.9493,-87.6463,12231
Prairie Ave & 43rd St,41.8167,-87.6194,736
Prairie Ave & Garfield Blvd,41.7949,-87.6187,1358
Princeton Ave & 47th St,41.8093,-87.6334,316
Princeton Ave & Garfield Blvd,41.795,-87.6331,497
Pulaski Rd & Congress Pkwy,41.8743,-87.7257,117
Pulaski Rd & Eddy St (Temp),41.9463,-87.731,688
Pulaski Rd & Lake St,41.8854,-87.7265,125
Racine Ave & 13th St,41.8651,-87.657,1089
Racine Ave & 15th St,41.8613,-87.6566,1801
Racine Ave & 18th St,41.8582,-87.6565,4950
Racine Ave & 35th St,41.8307,-87.656,711
Racine Ave & 61st St,41.7832,-87.6544,10
Racine Ave & Belmont Ave,41.9397,-87.6589,7420
Racine Ave & Congress Pkwy,41.8746,-87.657,6265
Racine Ave & Fullerton Ave,41.9256,-87.6584,9398
Racine Ave & Garfield Blvd,41.7942,-87.6551,296
Racine Ave & Randolph St,41.8841,-87.6569,5656
Racine Ave & Washington Blvd (*),41.8831,-87.657,4431
Racine Ave & Wrightwood Ave,41.9289,-87.659,5457
Rainbow Beach,41.7579,-87.5494,174
Ravenswood Ave & Berteau Ave,41.9579,-87.6736,2819
Ravenswood Ave & Irving Park Rd,41.9547,-87.6739,4390
Ravenswood Ave & Lawrence Ave,41.9691,-87.6742,15076
Rhodes Ave & 32nd St,41.8362,-87.6135,1980
Richmond St & Diversey Ave,41.9319,-87.7012,2324
Ridge Blvd & Howard St,42.0193,-87.6845,543
Ridge Blvd & Touhy Ave,42.0121,-87.6829,808
Ritchie Ct & Banks St,41.9069,-87.6262,8457
Rockwell St & Eastwood Ave,41.9659,-87.6936,1832
Rush St & Cedar St,41.9023,-87.6277,12993
Rush St & Hubbard St,41.8902,-87.6262,11093
Rush St & Superior St,41.8958,-87.6259,14237
Sacramento Blvd & Franklin Blvd,41.8905,-87.7026,553
Sangamon St & Washington Blvd,41.8832,-87.6511,5925
Sawyer Ave & Irving Park Rd,41.9536,-87.7093,956
Sedgwick St & Huron St,41.8947,-87.6384,14583
Sedgwick St & North Ave,41.9114,-87.6387,14324
Sedgwick St & Schiller St,41.9076,-87.6386,3958
Sedgwick St & Webster Ave,41.9222,-87.6389,11928
Seeley Ave & Garfield Blvd,41.7941,-87.6755,21
Seeley Ave & Roscoe St,41.9434,-87.6796,3699
Shedd Aquarium,41.8672,-87.6154,26638
Sheffield Ave & Fullerton Ave,41.9256,-87.6537,18218
Sheffield Ave & Kingsbury St,41.9105,-87.6531,12054
Sheffield Ave & Waveland Ave,41.9494,-87.6545,12368
Sheffield Ave & Webster Ave,41.9215,-87.6538,11815
Sheffield Ave & Wellington Ave,41.9363,-87.6527,12560
Sheffield Ave & Willow St,41.9137,-87.6529,9426
Sheffield Ave & Wrightwood Ave,41.9287,-87.6538,8748
Sheridan Rd & Buena Ave,41.9585,-87.655,4600
Sheridan Rd & Columbia Ave,42.0046,-87.6614,1808
Sheridan Rd & Greenleaf Ave,42.0106,-87.6624,1625
Sheridan Rd & Irving Park Rd,41.9542,-87.6544,12583
Sheridan Rd & Lawrence Ave,41.9695,-87.6547,3575
Sheridan Rd & Loyola Ave,42.001,-87.6612,3749
Sheridan Rd & Montrose Ave,41.9617,-87.6546,7547
Sheridan Rd & Noyes St (NU),42.0582,-87.6774,3096
Shields Ave & 28th Pl,41.8427,-87.6355,1026
Shields Ave & 31st St,41.8385,-87.6354,1991
Shields Ave & 43rd St,41.8162,-87.6348,29
Shore Dr & 55th St,41.7952,-87.5807,7438
Smith Park (*),41.892,-87.6894,1040
South Chicago Ave & 83rd St,41.7439,-87.5752,35
South Shore Dr & 67th St,41.7736,-87.5675,665
South Shore Dr & 71st St,41.7664,-87.5657,943
South Shore Dr & 74th St,41.7622,-87.5593,326
Southport Ave & Belmont Ave,41.9395,-87.6638,5760
Southport Ave & Clark St,41.9571,-87.6642,2754
Southport Ave & Clybourn Ave,41.9208,-87.6637,8578
Southport Ave & Irving Park Rd,41.9542,-87.6644,5751
Southport Ave & Roscoe St,41.9437,-87.664,12596
Southport Ave & Waveland Ave,41.9482,-87.6639,11215
Southport Ave & Wellington Ave,41.9357,-87.6636,9986
Southport Ave & Wrightwood Ave,41.9288,-87.6639,6846
Spaulding Ave & Armitage Ave,41.9171,-87.7102,3544
Spaulding Ave & Division St,41.9027,-87.7092,938
St. Clair St & Erie St,41.8944,-87.6227,22383
St. Louis Ave & Balmoral Ave,41.9804,-87.7161,739
State St & 19th St,41.8566,-87.6275,2706
State St & 29th St,41.8417,-87.6269,706
State St & 33rd St,41.8347,-87.6258,6512
State St & 35th St,41.8309,-87.628,2722
State St & 54th St,41.7966,-87.6259,95
State St & 76th St,41.757,-87.6246,74
State St & 79th St,41.7508,-87.6244,246
State St & Harrison St,41.8741,-87.6277,7897
State St & Kinzie St,41.8892,-87.6278,18722
State St & Pearson St,41.8974,-87.6287,11458
State St & Pershing Rd,41.823,-87.6266,223
State St & Randolph St,41.8847,-87.6277,19697
State St & Van Buren St,41.8772,-87.6278,11060
Stave St & Armitage Ave,41.9177,-87.6914,2577
Stetson Ave & South Water St,41.8868,-87.6223,12591
Stewart Ave & 63rd St (*),41.7798,-87.6348,39
Stockton Dr & Wrightwood Ave,41.9313,-87.6387,11191
Stony Island Ave & 64th St,41.7789,-87.5866,243
Stony Island Ave & 67th St,41.7735,-87.5853,215
Stony Island Ave & 71st St,41.7665,-87.5865,264
Stony Island Ave & 75th St,41.7587,-87.5869,129
Stony Island Ave & 82nd St,41.7466,-87.586,69
Stony Island Ave & South Chicago Ave,41.7512,-87.5853,28
Streeter Dr & Grand Ave,41.8923,-87.612,68358
Talman Ave & Addison St,41.9466,-87.6946,2412
Theater on the Lake,41.9263,-87.6308,32656
Throop (Loomis) St & Taylor St,41.869,-87.6591,4064
Throop St & 52nd St,41.7997,-87.6572,45
Troy St & Elston Ave,41.9452,-87.7067,1936
Troy St & North Ave,41.9098,-87.7053,1577
Union Ave & Root St,41.8191,-87.6433,275
University Ave & 57th St,41.7915,-87.5999,12424
University Library (NU),42.0529,-87.6734,2437
Valli Produce - Evanston Plaza,42.0397,-87.6994,444
Vernon Ave & 75th St,41.7584,-87.6141,145
Vernon Ave & 79th St,41.7509,-87.6138,79
Wabash Ave & 16th St,41.8604,-87.6258,9411
Wabash Ave & 83rd St,41.7433,-87.6228,39
Wabash Ave & 87th St,41.7366,-87.6226,137
Wabash Ave & 9th St,41.8708,-87.6257,12899
Wabash Ave & Adams St,41.8795,-87.6257,11384
Wabash Ave & Cermak Rd,41.8526,-87.6265,3048
Wabash Ave & Grand Ave,41.8915,-87.6268,24805
Wabash Ave & Roosevelt Rd,41.8672,-87.626,20198
Wabash Ave & Wacker Pl,41.8869,-87.626,12076
Wacker Dr & Washington St,41.8831,-87.6373,15806
Wallace St & 35th St,41.8306,-87.6413,1221
Walsh Park,41.9146,-87.668,3580
Warren Park East,42.0046,-87.6807,918
Warren Park West,42.0018,-87.6888,717
Washtenaw Ave & Lawrence Ave,41.969,-87.696,1875
Washtenaw Ave & Ogden Ave,41.8619,-87.6935,792
Wells St & 19th St,41.8568,-87.6339,2198
Wells St & Concord Ln,41.9121,-87.6347,23535
Wells St & Elm St,41.9032,-87.6343,15813
Wells St & Evergreen Ave,41.9067,-87.6348,15079
Wells St & Hubbard St,41.8899,-87.6343,20830
Wells St & Huron St,41.8947,-87.6344,24848
Wells St & Polk St,41.8726,-87.6335,8720
Wells St & Walton St,41.8999,-87.6344,7821
Wentworth Ave & 24th St (Temp),41.8501,-87.6321,1057
Wentworth Ave & 33rd St,41.8345,-87.6318,1377
Wentworth Ave & 35th St,41.8308,-87.6325,1743
Wentworth Ave & 63rd St,41.7801,-87.6297,139
Wentworth Ave & Cermak Rd (Temp),41.853,-87.6306,3841
Western Ave & 21st St,41.8541,-87.6858,1196
Western Ave & 24th St,41.8485,-87.6851,569
Western Ave & 28th St,41.8415,-87.6851,216
Western Ave & Congress Pkwy,41.8747,-87.6864,1865
Western Ave & Division St,41.9029,-87.6873,4423
Western Ave & Fillmore St (*),41.8686,-87.6862,2828
Western Ave & Granville Ave,41.9942,-87.6894,818
Western Ave & Howard St,42.0189,-87.69,815
Western Ave & Leland Ave,41.9665,-87.6884,5473
Western Ave & Lunt Ave,42.0086,-87.6905,1307
Western Ave & Monroe St,41.8798,-87.6861,1698
Western Ave & Roscoe St,41.943,-87.6873,2621
Western Ave & Walton St,41.8984,-87.6866,6270
Western Ave & Winnebago Ave,41.9155,-87.687,8715
Western Blvd & 48th Pl,41.8057,-87.6834,243
Wilton Ave & Belmont Ave,41.9402,-87.653,18866
Wilton Ave & Diversey Pkwy,41.9324,-87.6527,15702
Winchester (Ravenswood) Ave & Balmoral Ave,41.9798,-87.6775,1900
Winchester Ave & Elston Ave,41.9241,-87.6765,3012
Winthrop Ave & Lawrence Ave,41.9688,-87.6577,4198
Wolcott (Ravenswood) Ave & Montrose Ave,41.9614,-87.6762,2767
Wolcott Ave & Fargo Ave,42.017,-87.6777,258
Wolcott Ave & Polk St,41.8713,-87.6737,9430
Wood St & 35th St,41.8301,-87.6703,335
Wood St & Augusta Blvd,41.8992,-87.6722,5498
Wood St & Chicago Ave (*),41.8956,-87.6721,4944
Wood St & Hubbard St,41.8899,-87.6715,3956
Wood St & Milwaukee Ave,41.9077,-87.6726,10397
Wood St & Taylor St,41.8692,-87.671,6021
Woodlawn Ave & 55th St,41.7953,-87.5965,4192
Woodlawn Ave & 75th St,41.7592,-87.5958,50
Woodlawn Ave & Lake Park Ave,41.8141,-87.597,1382
Yates Blvd & 75th St,41.7588,-87.5664,117
